a,e,i,o,u
0.4760171,0.7228132,0.60458255,0.5767894,0.5346246
0.51663584,0.749082,0.6577409,0.61427677,0.6283558
0.5060917,0.7053062,0.62793034,0.57069606,0.6382619
0.510225,0.69218206,0.6225256,0.614427,0.6377984
0.50340044,0.6261999,0.57547337,0.6458672,0.57344055
0.52403384,0.58354026,0.5860734,0.6629363,0.62726
0.523332,0.5287697,0.5728776,0.6083051,0.6719215
0.5251292,0.5398871,0.6034688,0.60108703,0.6671803
0.5364648,0.57870877,0.6184033,0.6420077,0.62570333
0.56959313,0.5968968,0.6226687,0.66379875,0.64724493
0.58594465,0.5977284,0.62470776,0.65689975,0.72262317
0.6117485,0.6209921,0.6696682,0.6670083,0.7616511
0.7741534,0.79004794,0.8715534,0.8448991,0.87478864
1.0790758,1.1194617,1.1338207,1.1155835,1.1403589
1.4149202,1.4627463,1.5282769,1.3949915,1.559991
1.6111703,1.6939299,1.8768349,1.5466001,1.8960342
1.5963238,1.7010859,1.9987524,1.5183375,1.9938532
1.3772078,1.4668818,1.8563147,1.2638254,1.8189961
1.0687485,1.1159184,1.5377388,0.9033679,1.5808016
0.8080094,0.80694044,1.2255658,0.66651505,1.2923658
0.6782145,0.7183665,0.95828664,0.72255164,1.0807363
0.67667454,0.7395546,0.85203105,0.7659696,0.91920596
0.7265372,0.7208425,0.8581139,0.7595763,0.90279186
0.7285328,0.7099144,0.9730259,0.72290045,1.0300654
0.69986403,0.7268623,1.0783851,0.7847356,1.1076322
0.721623,0.7881595,1.1032145,0.84827405,1.0614991
0.8646174,0.84335124,1.1411084,0.9361765,1.1076976
1.1381667,1.0484228,1.3671271,1.1248815,1.4718424
1.4339242,1.3819323,1.9164107,1.4717772,2.0782678
1.7268664,1.7455088,2.5637016,1.8189312,2.6258833
1.9404064,2.006799,3.0843554,1.9437172,3.005571
1.9956443,2.0998526,3.333401,1.8630722,3.1310813
1.836768,2.009477,3.4737356,1.658852,3.2003734
1.5286821,1.7360836,3.397182,1.400038,3.0830972
1.2219592,1.4014158,3.1153822,1.1642488,2.91208
1.0127547,1.158253,2.8562753,0.9996712,2.831018
0.85532063,1.0163776,2.633078,0.88631177,2.752167
0.7517869,0.9148492,2.246249,0.8226155,2.5328648
0.73042876,0.85120636,1.7086538,0.79722816,2.006522
0.73465866,0.757347,1.4266908,0.8073261,1.6539748
0.73621887,0.76200116,1.7201617,0.8112212,1.8203732
0.764805,0.8514592,2.2165697,0.8981601,2.3132257
0.876171,1.0509694,2.4308412,1.0525843,2.5256286
1.0429978,1.2449154,2.837853,1.2383945,2.9230862
1.16302,1.4231693,3.7493882,1.3760129,3.8959913
1.2333132,1.5913235,4.90523,1.4497441,5.3132367
1.2726164,1.6934024,5.6137476,1.4640583,6.247073
1.3117306,1.6074636,5.826749,1.3842908,6.323823
1.3085989,1.4238234,5.5355864,1.3283058,5.910558
1.1986487,1.3079014,5.1737175,1.2964581,5.237123
1.0498927,1.2348078,4.502115,1.2784133,4.487799
0.9007745,1.1527163,3.7861626,1.2380377,3.9503646
0.8252164,1.0822846,3.6536586,1.1977712,4.1561575
0.8107166,1.098421,3.6994004,1.1956818,4.538455
0.8837384,1.1659218,3.417273,1.2009528,4.4550757
1.0031205,1.2590543,2.9487991,1.2873023,4.2041793
1.1503344,1.3951285,2.7135022,1.4614336,4.37321
1.2604665,1.5555843,2.8930833,1.7469395,4.9825077
1.3153918,1.7360007,3.2102292,1.9420131,5.4498158
1.3428414,2.0085504,3.149907,2.0849223,5.1099424
1.4076468,2.3263333,2.8513389,2.2610073,4.7005177
1.5074068,2.6213214,2.6813138,2.5825226,5.1146493
1.556701,2.6865041,2.9120295,2.7716036,5.726683
1.523995,2.667004,3.1360111,2.7739666,6.34089
1.5711024,2.673691,3.2139804,2.6471603,6.411939
1.7287878,2.7157545,3.0066369,2.598228,5.575112
1.8311651,2.6574707,2.6610072,2.6741443,4.3477697
1.777278,2.6690578,2.2543316,2.6265914,3.35122
1.7457664,2.686228,1.9752377,2.5603528,2.9952586
1.8151187,2.6747777,1.8387667,2.738337,3.5446665
1.804176,2.6058629,1.9773191,2.9984653,4.028344
1.6571176,2.5613465,2.0426464,3.2843864,3.943799
1.660715,2.8527973,1.9370673,3.5861363,3.3551717
2.0958674,3.360676,1.6851141,4.0441036,2.7829757
2.6420708,3.8013256,1.4109812,4.4049735,2.4742808
2.930986,4.2753887,1.2501671,4.644067,2.2571163
2.8833487,4.6602798,1.1911279,4.9072638,2.16015
2.8557332,5.092161,1.1529272,5.3058963,2.266856
3.02895,5.3818045,1.1284158,5.552295,2.420764
3.2281632,5.50426,1.1095355,5.5188303,2.4828174
3.3947568,5.595967,1.0714792,5.346385,2.4440298
3.3746853,5.2095437,0.98229706,4.928739,2.4789221
3.3817332,4.755642,0.93502873,4.6019435,2.2722697
3.4813933,4.8436227,0.92151207,4.9169974,1.9022224
3.606271,4.906198,0.93641907,6.371812,1.7448199
3.6813245,4.801104,0.9532327,7.9286323,2.304642
3.8959808,4.7592177,1.0287279,8.794027,2.9824977
4.415347,5.459111,1.1012626,9.259651,3.4423473
5.1144247,6.550221,1.0832206,9.727695,3.6008954
5.620844,7.124201,0.9669339,9.88579,3.6416426
6.0211315,6.748427,0.87943506,9.287705,3.5515122
6.1715016,6.30792,0.83955103,8.240684,3.37315
5.9665947,6.090727,0.8319428,7.350196,3.2619345
5.512461,5.8938336,0.87569207,7.1917043,3.6522315
5.159333,5.735128,1.003681,6.9720893,4.0331836
5.3532715,5.8871975,1.1220337,6.615337,4.105073
5.5259056,5.771335,1.1482675,6.29886,3.79034
5.506391,5.091058,1.0885336,5.745882,3.2865207
5.5885344,4.223138,0.9919517,5.8007107,2.7417164
5.9013753,3.6601207,0.932364,6.620059,2.3296628
6.1009817,3.5534399,0.84018046,7.9784403,1.9878798
5.7986217,3.3190396,0.71083534,9.414883,1.965172
5.6764407,3.2097883,0.63207126,10.042494,2.0006313
5.8469796,3.081717,0.6414251,9.530554,1.9425597
6.1172833,3.3180447,0.6522169,8.145078,1.810785
6.2013507,3.7000935,0.5903165,6.8380113,1.6268696
6.061131,3.7785702,0.5287238,6.467019,1.4734002
5.700459,3.3568518,0.5084587,6.550182,1.3933431
5.166898,2.780412,0.49906686,6.534884,1.382542
5.2483883,2.9404643,0.47872072,6.69401,1.4798006
5.9078364,3.5142255,0.45508644,7.0468364,1.7156067
7.151568,3.864979,0.43470854,7.2435107,1.9834585
7.89543,3.8208492,0.41089603,6.8518806,2.0522063
7.921407,3.6177368,0.39516595,6.416856,1.9097748
7.222017,3.2344022,0.40697217,6.4051995,1.7268004
6.278701,2.7082272,0.44012043,6.7845697,1.5857351
5.497822,2.2722297,0.4874473,7.009043,1.522241
5.4848757,2.0896108,0.5192908,7.328684,1.4577041
5.6649942,2.1663187,0.5135881,8.043627,1.3354453
5.526847,2.078457,0.46713638,8.26154,1.1292988
4.9117713,1.9020028,0.44391647,8.249285,0.95379883
4.68511,1.8040355,0.45033067,8.206795,0.88072747
4.816592,1.8923662,0.4549943,7.9931917,0.89740145
4.9537406,2.13131,0.45204458,7.48484,0.92216074
5.0632653,2.3407528,0.43362468,6.561684,0.9019737
5.189898,2.463501,0.4303672,5.4544415,0.9296577
5.238234,2.5522487,0.41821653,4.9473877,1.0003779
5.0750566,2.4747097,0.42039055,5.092243,1.0776207
4.767395,2.185288,0.41323557,5.3927603,1.0612907
4.715744,1.8043913,0.4146595,5.81538,0.9452575
4.910712,1.5020707,0.41127247,6.298133,0.79507947
4.729,1.4802492,0.40243018,7.109042,0.67051816
4.460914,1.6685017,0.36949745,7.8679934,0.5692817
4.6122584,1.8085552,0.3320003,8.357328,0.51192904
5.2194037,1.9337162,0.32067245,8.782664,0.47566313
5.5532713,1.9556652,0.3217214,9.10129,0.45800182
5.33518,1.816356,0.31509766,9.027074,0.43105748
4.609252,1.6132517,0.3018524,8.404448,0.41992778
3.9154954,1.4096509,0.3182737,7.572873,0.42241606
3.4767013,1.3420624,0.3646486,6.657696,0.4358297
3.3504848,1.3468906,0.39879876,5.7116256,0.42866403
3.401383,1.3615925,0.40509686,4.71555,0.41542086
3.4618137,1.2733523,0.39370608,4.195942,0.39626276
3.434528,1.1861074,0.36566758,4.1490626,0.38892692
3.4729447,1.1790738,0.32373,4.675954,0.38357264
3.7091236,1.1561145,0.28331572,4.9940133,0.37570283
3.7970943,1.0831589,0.2628644,4.715252,0.35872617
3.6789021,1.0268117,0.25983348,4.3859825,0.33393815
3.5585244,1.0577198,0.25348723,4.4762435,0.31618083
3.6682928,1.1184033,0.24304727,4.8881464,0.30260968
3.9881287,1.1644369,0.23983705,5.34116,0.2987024
4.2077184,1.1561311,0.24999055,5.7250986,0.29418117
4.3467116,1.0784037,0.26445067,5.7523665,0.28924075
4.5106673,1.0085135,0.27761486,5.248081,0.28297123
4.675203,1.0386709,0.2854364,4.263912,0.28313085
4.8240886,1.1891642,0.29297766,3.2523556,0.27974555
4.7485867,1.3275962,0.31285548,2.7376466,0.2761147
4.500048,1.3830317,0.33242258,2.766488,0.2693158
4.3348055,1.379057,0.3610923,2.5995264,0.2763755
4.156827,1.2996931,0.36752963,2.4768786,0.28129733
4.0257235,1.158444,0.34241164,2.354999,0.275438
4.020103,0.9786108,0.31005406,2.3707163,0.26513645
3.9365568,0.9021152,0.29107022,2.2514012,0.25748432
3.8470638,0.95073956,0.290828,2.0352771,0.24795982
3.8146198,1.0651859,0.29657263,1.90851,0.24128816
3.9403057,1.1320881,0.29503274,1.9148091,0.24322176
4.0693736,1.1059668,0.28232914,1.7933599,0.24688946
4.10165,1.0249755,0.2763715,1.5492619,0.24704063
4.167421,0.9761718,0.27697653,1.355819,0.24115002
4.219586,0.9297097,0.28455856,1.3684698,0.23756425
4.008312,0.8579398,0.2889525,1.3976645,0.23011737
3.7284465,0.82500887,0.29489198,1.3210135,0.2237493
3.6804264,0.8746684,0.3024835,1.1881287,0.22287624
3.8516889,0.9364933,0.3234668,1.226896,0.22851826
4.1190476,0.9821522,0.33917823,1.3389467,0.23730868
4.3700695,0.9902418,0.34526736,1.3280907,0.235217
5.1383605,1.0508637,0.34378743,1.2964785,0.22272389
6.1360526,1.1789585,0.3345217,1.3226138,0.22191007
6.770678,1.2880478,0.31134057,1.3509803,0.2237382
6.9088855,1.3922956,0.27440232,1.3069845,0.22776565
6.8225446,1.4941268,0.26274303,1.2142004,0.22338608
6.4936786,1.5122201,0.26871088,1.1476481,0.210725
5.8674326,1.4127128,0.27557892,1.1060655,0.20136529
5.2486854,1.2159486,0.2648476,1.0422804,0.20036668
4.6109653,1.0580544,0.2563622,0.9447528,0.20409475
4.4004846,1.018082,0.2741733,0.85968,0.20331837
4.4559617,1.0031589,0.32335845,0.8302945,0.19588085
4.5203476,1.002131,0.375399,0.8467967,0.19808938
4.412227,1.0453753,0.38759735,0.8149869,0.20300801
4.184485,1.0733246,0.36684394,0.76484,0.2115271
4.1684046,1.100818,0.34326082,0.80024195,0.2122485
4.4454336,1.1510412,0.3374013,0.83258456,0.20958167
4.9049034,1.2674904,0.33424535,0.7606689,0.20484465
5.3982377,1.354883,0.3441315,0.66874814,0.20257394
5.543298,1.3628428,0.33997768,0.64200526,0.18424805
5.292164,1.300716,0.31224304,0.69956714,0.17747581
4.7916503,1.2487948,0.2834568,0.678184,0.18155092
4.255697,1.2170303,0.268852,0.6141113,0.18586403
3.984782,1.244246,0.25868428,0.5913383,0.18605688
3.93011,1.3963337,0.26537803,0.6383691,0.18203923
4.0215225,1.5604522,0.28162697,0.6687271,0.17522499
4.2513266,1.6389413,0.3067592,0.64395666,0.16880973
4.485208,1.5779388,0.3189959,0.6647698,0.17065743
4.522967,1.4766437,0.33327755,0.72603863,0.17250843
4.3169394,1.4169741,0.35298362,0.7868914,0.17120239
3.9139752,1.4073389,0.36136255,0.7616933,0.1678014
3.537305,1.4790606,0.32578978,0.7031582,0.16680418
3.416885,1.5912985,0.28500485,0.65388256,0.16235852
3.339909,1.7635992,0.2942408,0.65059716,0.1678101
3.272955,1.9215591,0.3506578,0.60351664,0.16949789
3.1726887,1.9415243,0.4188999,0.5712147,0.17166369
3.0763571,1.796542,0.4547952,0.5851893,0.16687973
2.9429529,1.6555779,0.44981593,0.6232206,0.16354015
2.7349799,1.7042347,0.41211438,0.6105626,0.16009323
2.5047538,1.9109712,0.3748352,0.5506856,0.16004974
2.342559,2.164503,0.34831792,0.5058369,0.15685052
2.3738205,2.3245952,0.3538492,0.558891,0.15310147
2.408556,2.3263342,0.37435004,0.6204082,0.15166266
2.4683642,2.2958612,0.3786115,0.6033175,0.1492757
2.402683,2.1963089,0.3626827,0.5758219,0.1489765
2.311783,2.1246235,0.34629193,0.564584,0.14525792
2.1792073,2.2075477,0.34555265,0.57171834,0.14705154
2.072926,2.6838799,0.33238837,0.53337216,0.15281415
2.1076183,3.1522384,0.3012342,0.477325,0.15973122
2.092145,3.363463,0.27019578,0.4711627,0.15474008
2.048189,3.430101,0.28632075,0.506467,0.14958349
2.0207756,3.391198,0.34978276,0.5072638,0.14054564
1.9641603,3.1577585,0.41439375,0.4790032,0.14266515
1.7763599,2.68997,0.4722057,0.44635555,0.14232531
1.5444124,2.336387,0.49190947,0.45267978,0.1397856
1.3569788,2.463838,0.46723372,0.47119159,0.1362478
1.3643014,2.8594656,0.42907768,0.45657203,0.13834034
1.4639885,3.2499738,0.40024382,0.45365986,0.13888186
1.5003127,3.4681792,0.38265213,0.49275526,0.13964732
1.4924982,3.464744,0.4018116,0.5159322,0.13990255
1.4699394,3.2627702,0.43689856,0.4865212,0.13434054
1.4406039,2.8475153,0.43791276,0.43956748,0.13485591
1.3327974,2.613763,0.39308771,0.40886855,0.13009366
1.2324301,2.6806784,0.35122204,0.4220222,0.12958188
1.2479655,2.9144764,0.38250297,0.4227204,0.123678245
1.2985725,3.0186565,0.42616,0.42690754,0.13053083
1.2827287,3.1022396,0.42299724,0.45310688,0.1269009
1.239728,3.0160265,0.41510454,0.47672644,0.124658085
1.2019689,2.824055,0.46069208,0.45640695,0.11884834
1.1694722,2.841617,0.5755683,0.43944067,0.12374046
1.1471014,3.0976796,0.7060041,0.44688487,0.12611732
1.2249057,3.514509,0.78915644,0.4752153,0.12665065
1.3376348,3.8739479,0.81177974,0.46991676,0.11939887
1.4321271,3.8634775,0.77648824,0.44099164,0.119232155
1.4331496,3.5063603,0.7090362,0.4253799,0.12170197
1.3169335,2.9421139,0.624849,0.431567,0.121569894
1.1880535,2.4305382,0.5836629,0.44277772,0.11999498
1.0810317,2.2054436,0.57568383,0.40489116,0.11623918
1.0253633,2.1409621,0.56345224,0.3838634,0.11862975
1.0330061,2.0909035,0.5300867,0.4034776,0.11617094
1.0243286,1.9599867,0.51793087,0.45288286,0.11885895
0.9897674,1.8456194,0.5220641,0.44879976,0.11643499
0.94982994,1.8107845,0.55826694,0.41949072,0.12234926
0.9385201,1.7535875,0.6066495,0.42037836,0.11904744
0.9594929,1.6307155,0.6695423,0.4757443,0.12030866
0.9718477,1.4776341,0.7231282,0.50270426,0.112432465
0.9560701,1.4628133,0.8110802,0.49789092,0.11305112
0.95556414,1.5859919,0.895057,0.4844257,0.1138776
0.9293796,1.7958349,0.9650851,0.4862943,0.11616349
0.9262836,1.9386073,1.0086263,0.4833928,0.11537435
0.9027125,1.992143,1.0327859,0.46549043,0.11215433
0.8715791,1.988384,0.9937768,0.4491157,0.11123168
0.86092705,1.9559996,0.8887225,0.44587985,0.109501
0.87953115,1.945885,0.78104603,0.45578462,0.10972888
0.8994163,1.9514246,0.6755207,0.43703756,0.10474523
0.9055601,1.8835046,0.63300496,0.41338792,0.110868625
0.9203129,1.7074432,0.6593789,0.4221251,0.11030091
0.9193866,1.4930193,0.66845256,0.46897236,0.11326291
0.91500384,1.3067846,0.6730891,0.47609103,0.106218256
0.8827851,1.2739478,0.6802973,0.44566327,0.10968828
0.8418294,1.239564,0.71972203,0.41983572,0.10615784
0.83215934,1.2164328,0.78513473,0.43473798,0.10815376
0.8600599,1.2540423,0.799826,0.4475925,0.104164585
0.89209247,1.356357,0.77327853,0.43714643,0.10478932
0.91563594,1.4395659,0.80237544,0.41187078,0.10450879
0.936816,1.4495901,0.9315555,0.4066451,0.10834729
0.88835037,1.4210188,1.095366,0.407725,0.10922779
0.8213589,1.3840529,1.1977541,0.38197368,0.10550481
0.75097305,1.3868415,1.1763372,0.37258917,0.10912425
0.73523766,1.3774433,1.061296,0.39644787,0.10527136
0.7427488,1.3390156,0.9592169,0.4273688,0.103917636
0.7936634,1.237871,0.8935111,0.41481096,0.09739401
0.8797101,1.112594,0.8699743,0.4011176,0.10502897
0.9541915,1.0403479,0.9124656,0.40955824,0.10796272
0.9986188,1.0962404,0.9604991,0.42465895,0.111830294
0.9924117,1.19288,0.9497123,0.41359934,0.10319392
0.9979217,1.262398,0.8750437,0.3967044,0.10154724
0.9599126,1.293986,0.77607054,0.38055462,0.10013944
0.89045334,1.2660929,0.68327665,0.38543504,0.10738674
0.81225586,1.1629157,0.6071254,0.3733068,0.10553301
0.74251455,1.043519,0.54340726,0.33312434,0.1035744
0.71171576,0.9862204,0.53408825,0.29327926,0.10126408
0.6841593,0.98566675,0.5820036,0.2990255,0.10454558
0.627135,1.0178176,0.6505466,0.32692176,0.10637592
0.5739261,1.0763195,0.6743066,0.33455747,0.10585886
0.56801593,1.0602499,0.6428736,0.322443,0.10817289
0.58438694,0.99811655,0.6079561,0.3123567,0.1063657
0.6190031,0.91346705,0.6035983,0.32986465,0.11358491
0.63152295,0.8854578,0.63287103,0.34133232,0.11502401
0.64801943,0.90197664,0.6643176,0.3411788,0.12463695
0.65033275,0.8825183,0.6728919,0.32879215,0.12683228
0.63569117,0.8405344,0.65018696,0.3261066,0.13033845
0.6124722,0.831691,0.6011805,0.31663314,0.118581116
0.6162756,0.88574344,0.5433322,0.3008762,0.10878094
0.6306891,0.9310783,0.47939038,0.28674856,0.099891596
0.6293767,0.9066658,0.44572848,0.29234955,0.10200512
0.61972487,0.9658706,0.44970146,0.28785768,0.101594515
0.6286279,1.1170443,0.46743864,0.27600852,0.09827037
0.6151985,1.3436121,0.47971275,0.27735916,0.10238155
0.57749736,1.5238218,0.4978961,0.29008737,0.1073098
0.5780509,1.6152056,0.5589086,0.3113268,0.11015747
0.5809146,1.5866156,0.6389304,0.31194967,0.110905886
0.5851804,1.4402192,0.6852111,0.32496813,0.121650174
0.57924575,1.2397892,0.668567,0.34712332,0.13206132
0.5830212,1.0934439,0.6171838,0.36171004,0.14424036
0.5738698,0.99018514,0.5492374,0.33584094,0.14713055
0.54578274,0.9431666,0.5056819,0.31291124,0.14925373
0.5087209,0.8954428,0.4951914,0.30103874,0.13874328
0.48161352,0.85598665,0.47248262,0.30522135,0.13824685
0.47914594,0.8389211,0.43760255,0.30173033,0.1247307
0.4791381,0.85491633,0.40069926,0.2837773,0.11659986
0.47015503,0.9048833,0.41862875,0.26251942,0.11328257
0.45612893,0.9800375,0.4862521,0.2679329,0.12177396
0.46338516,1.0292594,0.56041306,0.27675602,0.12229492
0.5087082,1.0733218,0.6068395,0.28590924,0.11286454
0.5283503,1.1610556,0.63949937,0.30386427,0.11020097
0.5181841,1.2504984,0.70473444,0.33570352,0.12138128
0.492696,1.2951624,0.7715005,0.3674015,0.1405142
0.48949322,1.3251814,0.8305843,0.39139828,0.15187848
0.52274334,1.4084303,0.82713956,0.40460074,0.16410464
0.5585754,1.4916191,0.77647054,0.41071945,0.16938148
0.56549066,1.5032301,0.7127521,0.41596895,0.17079018
0.56014556,1.4303154,0.6441879,0.40387,0.1681627
0.5643939,1.3378392,0.5633161,0.39166287,0.1631863
0.553565,1.2550671,0.49522537,0.38987964,0.14904898
0.52009344,1.2167854,0.46118683,0.3963624,0.13324259
0.486338,1.1956017,0.46031058,0.38053045,0.12009029
0.5033912,1.1864018,0.45375744,0.34495416,0.11711
0.5414184,1.209979,0.4446587,0.31627914,0.11721039
0.5558947,1.2530102,0.4830779,0.34131736,0.11865627
0.5462915,1.2748972,0.55488396,0.37132174,0.11529366
0.5294652,1.2937313,0.6345281,0.36286122,0.107488155
0.5170795,1.3581232,0.65359586,0.35080203,0.108088106
0.49732834,1.3956945,0.6167783,0.3615316,0.11074664
0.46867356,1.3534055,0.59687567,0.37947565,0.12318024
0.45798126,1.277717,0.6472047,0.36755356,0.1268095
0.47400093,1.2333758,0.7247143,0.35963798,0.12736607
0.4743562,1.1922442,0.77872264,0.35429114,0.119191036
0.45424235,1.1260449,0.79254985,0.36823338,0.118541785
0.43157077,1.0380954,0.76789445,0.37892342,0.11507877
0.41889217,0.955757,0.717864,0.37181008,0.110098995
0.43684343,0.9429532,0.62954897,0.3534668,0.10026414
0.4639171,0.9746447,0.5433259,0.34248558,0.09638539
0.4701,1.0166404,0.561614,0.31816247,0.097888745
0.4686068,0.9986092,0.60657185,0.29866064,0.102697544
0.45982006,0.93299,0.64543384,0.28811777,0.101305574
0.4428552,0.8920103,0.6606881,0.30332416,0.10164664
0.41960245,0.8649162,0.6692908,0.31820834,0.10920328
0.40032145,0.8241614,0.6394183,0.32440233,0.11614822
0.38186678,0.7902411,0.5880749,0.31245682,0.12215023
0.36163294,0.77863985,0.54942507,0.2893551,0.117386445
0.34819043,0.7562358,0.53940445,0.29645905,0.11281209
0.33978605,0.7254703,0.5195054,0.31050563,0.10231363
0.3318974,0.7094021,0.52293,0.34667546,0.10111468
0.3197091,0.6772952,0.5485169,0.3664284,0.09738588
0.31938395,0.66351444,0.58241445,0.37026548,0.10005019
0.33516088,0.6526925,0.596083,0.34087312,0.09503297
0.3551309,0.66714275,0.5988668,0.296528,0.093635425
0.3561173,0.67205423,0.6045836,0.26363987,0.08725006
0.3560609,0.6476772,0.6140336,0.25783905,0.087047495
0.35300526,0.61013764,0.62802076,0.25168204,0.089177586
0.35296464,0.6087379,0.63385534,0.25079468,0.09521149
0.35126764,0.5884184,0.63106,0.25757584,0.099439755
0.34220377,0.5774493,0.5841289,0.26179424,0.097494446
0.3294475,0.5991321,0.51149637,0.26259583,0.09765526
0.31799063,0.62158775,0.46267128,0.261826,0.092477426
0.3169849,0.62226146,0.44020098,0.28671673,0.09314345
0.326036,0.5902152,0.42289716,0.31145987,0.091339715
0.32806164,0.5413772,0.394362,0.32555547,0.09255255
0.32454675,0.491983,0.3786112,0.31115124,0.08969015
0.32139373,0.4803597,0.38764608,0.28691095,0.0959309
0.3165776,0.48968768,0.43783414,0.254295,0.10046458
0.30939153,0.51936394,0.5073384,0.2388545,0.107202984
0.30217662,0.5300443,0.5467177,0.23182991,0.10702773
0.30557713,0.5264721,0.56535274,0.22500978,0.10502753
0.298329,0.50126725,0.5741025,0.21861324,0.101386674
0.2828562,0.47348446,0.5731839,0.22044742,0.09824441
0.26311457,0.4379907,0.5657738,0.22395384,0.094097115
0.26640788,0.4112082,0.55063426,0.23667058,0.09706365
0.27459753,0.40232685,0.52674025,0.24968407,0.10007101
0.26548296,0.40898556,0.4857521,0.2570519,0.0935141
0.25035587,0.41734958,0.45537382,0.27480766,0.08579775
0.2513888,0.4206222,0.4394668,0.280595,0.085287146
0.27269354,0.4300362,0.4446548,0.286326,0.098715246
0.28165802,0.43003064,0.44261187,0.27822784,0.10262981
0.28702575,0.42277265,0.4308582,0.2695961,0.10126845
0.28764144,0.43001038,0.42318285,0.24631873,0.09499711
0.29079366,0.47108495,0.43099725,0.23321465,0.09860663
0.29380494,0.518147,0.461646,0.23054726,0.104040064
0.30006784,0.53341347,0.49273676,0.23967738,0.11524723
0.30344325,0.49974668,0.5141939,0.23482427,0.11887321
0.30964577,0.45190638,0.50635487,0.2224921,0.121818304
0.31700188,0.41518056,0.48155922,0.24129933,0.11648133
0.3101874,0.39792818,0.46367663,0.271634,0.108785085
0.30001158,0.3862992,0.46135226,0.2981344,0.0990168
0.29842386,0.37974417,0.44208395,0.2978148,0.09651116
0.2982655,0.37782407,0.4102226,0.29636893,0.09983865
0.29161268,0.38572392,0.3863386,0.3010616,0.1008685
0.28579152,0.39725354,0.392609,0.30276865,0.104883105
0.2873495,0.40400565,0.39144436,0.27314007,0.1057346
0.30831742,0.4028155,0.3783922,0.24185398,0.113067426
0.3110377,0.41816944,0.37643856,0.24680151,0.11315733
0.29771346,0.43861493,0.39902443,0.29064438,0.11669293
0.28831962,0.455491,0.4390159,0.31424454,0.11627722
0.28763518,0.4608523,0.47928473,0.30402502,0.11995558
0.28989264,0.44350544,0.4886009,0.28939143,0.12043966
0.2914293,0.4182584,0.4822823,0.2943218,0.12104368
0.2844724,0.40465313,0.4682717,0.30564052,0.11783925
0.29098424,0.38835317,0.45811036,0.30907872,0.11364161
0.2998317,0.39229912,0.43697476,0.31956756,0.11299113
0.31516942,0.41421247,0.41930953,0.34341213,0.10774106
0.32943282,0.42774191,0.4125069,0.36072654,0.10162644
0.32772788,0.43095213,0.40365097,0.36293882,0.096147574
0.33393157,0.44755292,0.39375886,0.3688249,0.09622852
0.3435521,0.45943478,0.37766355,0.3595689,0.09465581
0.3454681,0.49037424,0.38313147,0.3605396,0.099487916
0.3360032,0.501711,0.40317598,0.364915,0.10036707
0.32674813,0.519378,0.4200893,0.38681653,0.10944709
0.3258803,0.553108,0.43137097,0.4183916,0.11400386
0.33709988,0.5735781,0.44051924,0.45853865,0.1260989
0.34734458,0.56505567,0.45010704,0.49986815,0.13393211
0.34294838,0.5315234,0.45019245,0.52432793,0.13458578
0.33050466,0.5005389,0.47799182,0.52840537,0.12655647
0.3287325,0.4898648,0.50755787,0.54297596,0.124380745
0.348978,0.48924136,0.52610904,0.537168,0.120406784
0.3729957,0.48993665,0.53701174,0.52349246,0.11859475
0.38952464,0.48683593,0.52895266,0.5247471,0.117475815
0.39367014,0.47853667,0.49504802,0.5334034,0.1095014
0.40296763,0.4780931,0.46819904,0.53341347,0.10589584
0.40733528,0.5005891,0.46942452,0.52250546,0.11002447
0.41587502,0.53940284,0.4942406,0.53571796,0.12062794
0.41280445,0.58082837,0.50983304,0.55610526,0.12873247
0.40053123,0.6381648,0.5250085,0.58492035,0.13509944
0.41049695,0.6889326,0.5294486,0.611264,0.13778737
0.43525785,0.729842,0.53682446,0.6765951,0.14203274
0.453329,0.7406727,0.5474383,0.75712097,0.13972194
0.44614297,0.733305,0.5587972,0.80917275,0.1393923
0.4290594,0.71400386,0.5779384,0.79183704,0.13777213
0.43933824,0.6961499,0.57980454,0.74254847,0.13722272
0.46973252,0.6779418,0.5787967,0.7061771,0.13550422
0.4972319,0.6663803,0.62116975,0.7066796,0.13877311
0.52211696,0.68811977,0.70125806,0.70141757,0.14383668
0.5362173,0.71235096,0.76990193,0.6556719,0.15044999
0.54296005,0.7252008,0.7956819,0.606418,0.15682964
0.5462164,0.7076538,0.782091,0.5731692,0.16088688
0.538663,0.7093386,0.753626,0.59102744,0.16338629
0.5065948,0.72687566,0.71023446,0.61172396,0.16009714
0.498398,0.7813905,0.6656173,0.63407147,0.15810415
0.50115824,0.83035016,0.637662,0.6534659,0.14867514
0.5027601,0.8839337,0.5910545,0.6927655,0.13685434
0.4989487,0.9198794,0.5241018,0.7252378,0.11780823
0.51376295,0.93356615,0.48867565,0.75354034,0.11819124
0.55387515,0.9236977,0.50313365,0.75244766,0.12759268
0.6035565,0.9155679,0.52450216,0.73521113,0.13771975
0.61372244,0.91898507,0.54065764,0.69907194,0.13700311
0.6136331,0.9093035,0.5514817,0.6435379,0.13483489
0.6332779,0.89979935,0.56008404,0.5888575,0.12297017
0.64404285,0.87162817,0.6150073,0.5516267,0.1165406
0.64998454,0.8392661,0.69328654,0.5323575,0.12027482
0.64446247,0.84241974,0.7974679,0.491937,0.13090722
0.6457117,0.836922,0.8641368,0.4555794,0.13779446
0.6521894,0.780448,0.8628188,0.4421335,0.13813213
0.6268565,0.75514513,0.7895256,0.46550342,0.13263503
0.60806686,0.76207834,0.69363624,0.4857779,0.122282445
0.58977324,0.8349115,0.59235406,0.49542165,0.11365619
0.58931667,0.9212612,0.5382993,0.4905505,0.10632105
0.60808235,0.9328849,0.54046905,0.4648233,0.11068457
0.62955445,0.90717834,0.5384492,0.41634205,0.11162547
0.6348715,0.8701529,0.5510506,0.38652796,0.111493744
0.6334287,0.85514367,0.57535124,0.38928524,0.107709825
0.62334895,0.860672,0.58585143,0.41160083,0.109438285
0.5951875,0.82691175,0.5653993,0.41877443,0.112437926
0.56786263,0.76006377,0.51507485,0.38871324,0.11633103
0.5561679,0.67787075,0.48865205,0.3513226,0.11194079
0.5887734,0.6484397,0.49037242,0.32725978,0.11607742
0.6408317,0.67465585,0.5124108,0.3307697,0.13456117
0.67562157,0.7140784,0.54053915,0.35443178,0.15701878
0.69224596,0.7432372,0.558606,0.37778065,0.17492063
0.6768353,0.7807993,0.5430518,0.38642278,0.17710787
0.6491275,0.8442717,0.52210283,0.38572067,0.16720285
0.6328475,0.8885352,0.49181876,0.36941198,0.14976005
0.651827,0.919956,0.4627682,0.3430639,0.13279337
0.67101586,0.9294559,0.42187178,0.3023906,0.112421095
0.66838557,0.92922646,0.4009422,0.27046114,0.10484122
0.65056545,0.9164058,0.40953687,0.26604185,0.10004715
0.6329503,0.8808216,0.4328086,0.27814627,0.09869145
0.6143528,0.8178716,0.45937565,0.27966762,0.096259505
0.59401196,0.7493246,0.47912502,0.28112212,0.09775986
0.57804453,0.6667377,0.5007121,0.2775395,0.09928467
0.5687496,0.6049489,0.5014667,0.2731006,0.09814459
0.56474775,0.5755456,0.50132114,0.2826816,0.09736835
0.563076,0.5687064,0.5159787,0.29193762,0.09580489
0.5671656,0.5613543,0.5179622,0.30551267,0.09631953
0.5863075,0.56998646,0.49000418,0.29885095,0.09827157
0.5988181,0.5853104,0.4519689,0.28231874,0.1048445
0.5889611,0.64235365,0.44948137,0.2622203,0.104579054
0.56849515,0.6977355,0.45687565,0.25983053,0.10231894
0.54567695,0.76520836,0.45265403,0.25636053,0.09577181
0.5465852,0.85076624,0.44260615,0.2476041,0.092252575
0.5665186,0.942074,0.4255157,0.24228752,0.084493086
0.5789703,0.97272635,0.4353393,0.24921972,0.08500706
0.572872,0.9532328,0.45843002,0.2535918,0.08381203
0.56052417,0.91256785,0.4776229,0.26199317,0.08768308
0.5406014,0.87100166,0.49307933,0.26104587,0.086168446
0.50637674,0.78155917,0.5053595,0.2543079,0.08390429
0.44397032,0.6671693,0.5178557,0.24866658,0.080450885
0.40447444,0.5895335,0.497913,0.24243185,0.07871036
0.42576167,0.5665373,0.44425398,0.24119295,0.08138274
0.46086356,0.581602,0.38319296,0.2298652,0.08555402
0.4784159,0.5645813,0.34554076,0.22102138,0.08820143
0.47298968,0.5458174,0.32284465,0.21548784,0.08695345
0.46798924,0.5573993,0.32319817,0.22200489,0.09295
0.44921094,0.61721593,0.31424722,0.22320774,0.09497923
0.42113277,0.65701705,0.30827013,0.22319296,0.09609602
0.38853583,0.6847572,0.32668927,0.22586268,0.08898322
0.38835922,0.70787114,0.35203156,0.24055727,0.086671986
0.40992665,0.7144672,0.37160516,0.25045592,0.07993413
0.41621017,0.6956085,0.39558226,0.25488082,0.07834938
0.39432967,0.6574643,0.40596175,0.2537515,0.07187166
0.36934245,0.6445078,0.42426273,0.24620159,0.07302672
0.3697552,0.6304415,0.44180202,0.23521492,0.07605444
0.38707316,0.59785616,0.44968075,0.23088987,0.07982902
0.41184407,0.56935793,0.439283,0.22534166,0.08299154
0.42795596,0.57322866,0.4196493,0.22266881,0.08345108
0.44860476,0.5979875,0.39020026,0.2171249,0.088018045
0.47496486,0.59624493,0.3475466,0.2032266,0.091821276
0.48675418,0.56619275,0.31311622,0.1946501,0.09794535
0.47953224,0.5464758,0.2935913,0.18952888,0.10039333
0.4527143,0.55450374,0.28874928,0.19353811,0.108625084
0.41257605,0.55986285,0.28514194,0.19201821,0.10515372
0.3882827,0.56850815,0.27971315,0.20244212,0.09853393
0.3720372,0.56767833,0.3054013,0.2040335,0.08587057
0.3654286,0.54478556,0.34500614,0.2090285,0.081251584
0.34855384,0.5036257,0.36778045,0.20425737,0.074781716
0.32550302,0.46955636,0.36988676,0.20898442,0.069703
0.29376417,0.44101837,0.36172795,0.20866008,0.06325239
0.26303202,0.44801813,0.35185176,0.20185934,0.06447978
0.266016,0.45164046,0.33211604,0.19260563,0.06787718
0.28830323,0.45143986,0.30288234,0.18700257,0.068960905
0.2956129,0.43896127,0.2776988,0.18365471,0.06720409
0.28386608,0.421233,0.26413178,0.16960843,0.06365355
0.28491378,0.43096915,0.26023242,0.16068019,0.068975985
0.3084729,0.45448893,0.25583398,0.15119265,0.07119056
0.3353466,0.49576923,0.2414569,0.15710095,0.07386728
0.3467011,0.51886404,0.21914633,0.15547608,0.07116602
0.34520164,0.5194862,0.21772246,0.15684904,0.07666594
0.32933977,0.50317985,0.23234022,0.14719632,0.07596796
0.30877027,0.5021787,0.24099162,0.14946872,0.07793461
0.28309354,0.5172972,0.24441354,0.14720418,0.075420246
0.26139522,0.5176217,0.25573248,0.15165038,0.076362096
0.25043273,0.4933755,0.27403626,0.15004486,0.07012802
0.24083944,0.45420897,0.2724625,0.15915665,0.06512753
0.23207769,0.41692004,0.25259563,0.16043141,0.05978724
0.23055303,0.38250574,0.22353706,0.15656698,0.05810934
0.23303188,0.37134078,0.2000399,0.15081036,0.05988544
0.23150453,0.38647646,0.17917499,0.14963406,0.05894607
0.22023705,0.39530087,0.16100745,0.15444873,0.05981657
0.21045983,0.39653105,0.16074258,0.1567467,0.059853308
0.21856238,0.40543547,0.1604946,0.1616129,0.066030584
0.23335679,0.4209458,0.16378741,0.15772521,0.06497327
0.24528092,0.4291895,0.17281666,0.16485952,0.06642588
0.24144445,0.42424035,0.17957011,0.16678967,0.062050253
0.2382614,0.41813433,0.19180691,0.17326362,0.06428189
0.22244658,0.40440482,0.2049228,0.16995998,0.05900568
0.20095357,0.41517073,0.21462193,0.17413117,0.05932398
0.1948723,0.42765394,0.21375439,0.17266104,0.055711884
0.1999254,0.44610125,0.21269625,0.17905399,0.056460924
0.20398667,0.44608358,0.20871812,0.17780206,0.053286508
0.19645287,0.4054033,0.19828646,0.18128456,0.052814763
0.19231299,0.35839266,0.1815592,0.18558078,0.052334115
0.19423267,0.33658996,0.16966632,0.18439667,0.054684207
0.19909045,0.33912897,0.17243181,0.1842623,0.056654
0.19507499,0.34194037,0.17281458,0.18553226,0.054749545
0.18591908,0.34022057,0.16915433,0.19410393,0.056525987
0.18699181,0.32831147,0.1670075,0.19041254,0.053893622
0.19881006,0.32448328,0.17091371,0.19040072,0.05706837
0.20706744,0.33035865,0.17848046,0.18417186,0.054706722
0.21293445,0.33389038,0.18360008,0.19650932,0.056034826
0.20898679,0.32917628,0.18422167,0.19647637,0.05043292
0.20150617,0.33688635,0.17753091,0.19030182,0.05352699
0.18964466,0.33972517,0.16888483,0.17462678,0.05177962
0.18029766,0.34993464,0.16670083,0.17739382,0.051877588
0.17694925,0.35582107,0.16074598,0.18301213,0.04703255
0.17929433,0.34893298,0.15597689,0.19457336,0.04768219
0.1794037,0.33656096,0.14824125,0.20086457,0.04824671
0.18517736,0.3318925,0.13918482,0.20618291,0.05059676
0.19180247,0.3294601,0.13338497,0.2068693,0.05136819
0.19584678,0.3265783,0.13051988,0.2040319,0.050035648
0.19752616,0.33082867,0.12625036,0.19997665,0.051497895
0.19526166,0.32567573,0.12618001,0.1895849,0.04844982
0.20287305,0.32103598,0.1341722,0.19345911,0.049274173
0.2102153,0.31644374,0.1403455,0.19938648,0.045545276
0.2141554,0.31896794,0.14720944,0.21425372,0.049635973
0.21183309,0.3246948,0.152995,0.21681288,0.047622435
0.21043964,0.3413685,0.15319265,0.22250614,0.050309747
0.20754388,0.34927213,0.15276103,0.21311869,0.046222568
0.21301824,0.361303,0.16048747,0.20425165,0.04845255
0.21173373,0.37030098,0.15720081,0.20150807,0.046269782
0.20636475,0.37366033,0.14772598,0.22012284,0.048930623
0.20124447,0.36769882,0.14333932,0.23144004,0.04797233
0.20859103,0.36295933,0.14299774,0.24537441,0.04981079
0.21976864,0.36112848,0.13658395,0.25293627,0.04996487
0.21856976,0.36639354,0.123899065,0.25445232,0.047597647
0.21698229,0.3637441,0.113267876,0.2469244,0.04627833
0.22129929,0.35255495,0.11099695,0.23465928,0.045335766
0.23394378,0.35179153,0.117611475,0.22949119,0.04883392
0.24782553,0.35892588,0.11245337,0.23082563,0.046696108
0.25053245,0.3578409,0.1073261,0.2322444,0.047977153
0.24015136,0.34400192,0.107530095,0.21841475,0.044604808
0.23136212,0.33938548,0.12076673,0.21214649,0.049105246
0.2287133,0.35230953,0.1289607,0.20709732,0.045966823
0.23143092,0.36879557,0.12946501,0.22359298,0.047416676
0.2344858,0.38923717,0.12757356,0.22739592,0.04403087
0.23955996,0.3891787,0.13547638,0.2278227,0.047299374
0.23931459,0.37772882,0.14669533,0.22222371,0.045579415
0.23011416,0.3662093,0.15701687,0.22609432,0.04645879
0.22988698,0.3555231,0.16283461,0.22336146,0.044879917
0.24033433,0.35432178,0.16454068,0.2152596,0.04637111
0.24991481,0.36295035,0.16203655,0.20324203,0.049104735
0.2529022,0.37094116,0.1526886,0.19812645,0.048508458
0.24995309,0.35142183,0.14341202,0.2017452,0.048764076
0.24858817,0.32451302,0.134422,0.20185818,0.04654573
0.2552082,0.3001298,0.12822178,0.20029266,0.049069427
0.25163123,0.29158738,0.114632644,0.19396725,0.045993786
0.23792385,0.28470823,0.09924538,0.1935621,0.047291443
0.221092,0.28112262,0.09688386,0.18659605,0.043914072
0.21865904,0.28676867,0.10338424,0.184534,0.048249256
0.22299163,0.3020986,0.102428354,0.1794847,0.045865234
0.22477123,0.318477,0.09630175,0.19296482,0.046624463
0.21608044,0.31312355,0.09304933,0.20377038,0.04359234
0.20553868,0.30408606,0.10257368,0.20781396,0.046958815
0.20885624,0.30279586,0.109897725,0.19934586,0.047297087
0.22399582,0.3140172,0.10898072,0.19731154,0.04696374
0.24170421,0.3274575,0.11448733,0.19857533,0.045495722
0.25367594,0.33928666,0.12414001,0.19564551,0.045845497
0.26235503,0.35097393,0.12584865,0.1936519,0.049711246
0.26017067,0.35772836,0.11986932,0.19274846,0.05161694
0.24542557,0.3509051,0.11165632,0.20385052,0.053368013
0.22679888,0.33247787,0.11531328,0.20657201,0.04992493
0.22397336,0.31395212,0.12887529,0.20117092,0.052772384
0.23511931,0.30656487,0.13260323,0.18209706,0.04927192
0.24247932,0.29899105,0.13277322,0.17366125,0.04790943
0.24050622,0.2918247,0.13148908,0.17138845,0.043502297
0.2375139,0.2913203,0.13560507,0.17765653,0.04931895
0.24062715,0.29852176,0.13573398,0.17929956,0.04826225
0.24180338,0.30155796,0.13235687,0.17965399,0.047276076
0.2394901,0.3012771,0.1282825,0.18219802,0.044274643
0.23845284,0.30611014,0.12893121,0.18415733,0.04886616
0.24260417,0.32954156,0.12914102,0.18218206,0.05088342
0.26663667,0.34615102,0.12843469,0.18260063,0.048597477
0.287655,0.35178196,0.1221155,0.17929177,0.043283775
0.28866276,0.3477764,0.12028254,0.16708161,0.041771583
0.27681652,0.35322312,0.12536283,0.16059577,0.050209176
0.25597727,0.3433842,0.13029595,0.16631019,0.055135544
0.2473937,0.3284954,0.13293162,0.18115109,0.058601554
0.25022516,0.31066924,0.13224092,0.18138885,0.055837348
0.264134,0.3211447,0.13705269,0.17932959,0.058086902
0.27599397,0.3285554,0.139595,0.17161718,0.054452248
0.28291002,0.32659823,0.14092714,0.1817412,0.05383653
0.2863684,0.32081112,0.13561018,0.19458312,0.047328718
0.28279412,0.32826144,0.13879415,0.20796286,0.04977555
0.29226968,0.3422802,0.14862573,0.20821512,0.048799798
0.31589133,0.3526704,0.15534303,0.2097304,0.049464747
0.33041412,0.35735515,0.15371588,0.20810887,0.045886368
0.32847,0.37241846,0.15172914,0.20167682,0.04693558
0.32158476,0.3857733,0.15942019,0.1997759,0.048602276
0.32937846,0.38614595,0.16543773,0.19479497,0.048067193
0.33671165,0.3674788,0.16248819,0.18858053,0.045419414
0.32868242,0.34779024,0.16405661,0.18130723,0.04277475
0.32022563,0.35586572,0.17001864,0.1897298,0.047557216
0.31021714,0.35685897,0.1721526,0.20265913,0.048713785
0.30954424,0.35763404,0.1759213,0.2135259,0.049588572
0.30642313,0.34858328,0.18492505,0.20877692,0.04490344
0.31051958,0.33355904,0.19689728,0.20476219,0.04856245
0.30741692,0.3010791,0.1978432,0.2069788,0.048362464
0.31530857,0.27644944,0.18878953,0.21581757,0.0499338
0.32488003,0.28404808,0.17426592,0.2150749,0.04552924
0.3303018,0.32471085,0.1678604,0.21333018,0.047943644
0.3383077,0.34515578,0.1617628,0.21111731,0.049315147
0.34286767,0.35685477,0.15346469,0.20607883,0.05317667
0.35180372,0.37409756,0.14854091,0.20856428,0.052013896
0.3597066,0.39796093,0.14856365,0.21064736,0.0506259
0.366787,0.40962696,0.14543799,0.21375822,0.050744567
0.3658808,0.39930242,0.14299573,0.22487809,0.05258427
0.3544602,0.38359457,0.14807568,0.23038603,0.053700097
0.34475172,0.3886515,0.16059057,0.22362441,0.05197707
0.34426513,0.38217658,0.18285887,0.22360313,0.05499018
0.34487128,0.35898122,0.20279387,0.22925368,0.056013636
0.3313315,0.3295117,0.21526709,0.25154,0.06279711
0.3180453,0.31492805,0.21858524,0.265232,0.0650671
0.3174091,0.31080005,0.21487184,0.27294642,0.072027415
0.32581297,0.30823177,0.20975712,0.27404076,0.069630384
0.33554882,0.30500862,0.20163997,0.2735947,0.06803926
0.3372891,0.3116109,0.19237249,0.2611059,0.060889464
0.34345,0.33323163,0.18221357,0.24088538,0.06137163
0.34299338,0.34503746,0.17179662,0.22091973,0.06117176
0.3447655,0.34346682,0.16738045,0.21904464,0.06361328
0.34558773,0.34678575,0.15790902,0.23453708,0.062472623
0.34448424,0.35769057,0.14920858,0.24242553,0.06164344
0.34972137,0.36451584,0.14309552,0.24893305,0.06763016
0.35119176,0.37556127,0.15027185,0.24688621,0.07375006
0.35614064,0.3876961,0.16694716,0.25549832,0.07697782
0.3651649,0.39779785,0.18074726,0.2547964,0.07440313
0.3768148,0.3834187,0.1875191,0.25761247,0.07959536
0.3878523,0.34488252,0.18863907,0.2710906,0.078840174
0.37933618,0.31149092,0.18661548,0.28944898,0.08612913
0.35752273,0.30629855,0.18814822,0.29434326,0.09080443
0.34524065,0.30223817,0.19809943,0.2897391,0.10176774
0.34067577,0.28709647,0.20999128,0.27510554,0.105081774
0.34691352,0.28651074,0.21575978,0.26305556,0.101639904
0.34500784,0.29952458,0.21072075,0.24239476,0.09369892
0.33714202,0.31022313,0.212585,0.22415642,0.088059254
0.32663444,0.3109784,0.21622156,0.2127543,0.07932622
0.33188325,0.315957,0.22352523,0.21533768,0.07377164
0.33266598,0.33755246,0.22346215,0.22999728,0.07213311
0.32364526,0.36225113,0.21486986,0.24200869,0.0687338
0.31255636,0.37638915,0.20574996,0.24891503,0.06871015
0.30448696,0.3648785,0.19046243,0.24623048,0.0697926
0.3124931,0.3538134,0.1847633,0.2531356,0.074536994
0.32714143,0.32901993,0.1886576,0.25948465,0.076766945
0.33423606,0.30676684,0.19149758,0.2687462,0.08042657
0.33690396,0.29082868,0.19123885,0.26679072,0.07549231
0.32916996,0.301602,0.19191125,0.27642968,0.07329242
0.3236567,0.31344804,0.19531468,0.2712876,0.07611554
0.32520574,0.31756964,0.20184752,0.26514393,0.09090005
0.32474327,0.31522757,0.20379159,0.24974306,0.1001331
0.32656646,0.32195544,0.20374984,0.23543292,0.102371395
0.32317987,0.34189153,0.19668788,0.20992297,0.095919974
0.31941006,0.34576532,0.18942876,0.19718643,0.08770922
0.3266737,0.34737897,0.19053346,0.20592625,0.08134768
0.33772618,0.34461918,0.19428807,0.21468079,0.07756046
0.33520213,0.36441368,0.19792314,0.21933149,0.078197256
0.32378164,0.37486416,0.1995722,0.21791762,0.078036785
0.31010145,0.36568913,0.19288476,0.21951684,0.07698746
0.3043065,0.3458504,0.18658161,0.22958101,0.081678435
0.30371395,0.35230488,0.20510262,0.25268787,0.0887946
0.3003161,0.35265088,0.23666546,0.2559412,0.09496661
0.29938197,0.34323442,0.25828886,0.25133637,0.10104817
0.28409046,0.32062533,0.25763094,0.24786146,0.095388785
0.25891867,0.32331082,0.24424575,0.253863,0.092531756
0.24776427,0.31759754,0.23344035,0.24717335,0.095082946
0.24497488,0.30756336,0.2214593,0.23179004,0.112576544
0.24632367,0.29680365,0.21377757,0.21169797,0.13008569
0.25170204,0.32563862,0.21161878,0.19739679,0.14109233
0.2584298,0.35371292,0.20848921,0.18771775,0.13967955
0.2666845,0.37151247,0.20111501,0.1880645,0.13459153
0.2740442,0.4000726,0.20281301,0.1969086,0.124418646
0.28014198,0.44625238,0.19895431,0.20629276,0.1074606
0.27829653,0.48570496,0.19302922,0.21020035,0.1007892
0.27037787,0.4815169,0.199392,0.20394109,0.10063261
0.26260144,0.45804283,0.20446336,0.20694597,0.10416867
0.25785804,0.44199243,0.19752888,0.21679899,0.09648147
0.25576186,0.44148716,0.17835703,0.23169266,0.10181977
0.25408518,0.42298082,0.16695353,0.23071775,0.11330759
0.24728389,0.39939213,0.17435403,0.22575955,0.12777291
0.22986099,0.37982288,0.18463789,0.21388505,0.12892506
0.21855581,0.3709945,0.19530223,0.21590818,0.12242072
0.22028577,0.3396741,0.21352632,0.21514732,0.110882774
0.22708715,0.30253989,0.23780428,0.19630298,0.1247292
0.2302643,0.2963436,0.2584184,0.18011713,0.14836048
0.23425743,0.32648483,0.27418864,0.18251948,0.16382675
0.24199426,0.35065073,0.28108537,0.18984449,0.16225725
0.24639416,0.36502397,0.27388394,0.18809745,0.15079655
0.2505361,0.3639495,0.25679192,0.17329662,0.1411529
0.24804606,0.37711236,0.22957695,0.15834905,0.12385148
0.23630631,0.3793391,0.20475084,0.15870497,0.10154343
0.23652008,0.3826314,0.19064096,0.16064341,0.08610055
0.2400394,0.39599133,0.1796954,0.16510864,0.0864564
0.23957069,0.4178166,0.16884115,0.16453254,0.087001316
0.23875752,0.4241262,0.16581687,0.1707459,0.081798635
0.21754768,0.40825635,0.16625409,0.16710304,0.074880615
0.19832507,0.37855476,0.16766523,0.16786306,0.080247246
0.18914157,0.35000724,0.1660559,0.1598972,0.084679775
0.19160235,0.3278107,0.16572575,0.15608111,0.08315098
0.1978748,0.30118763,0.16722135,0.1522385,0.06963504
0.19666953,0.2773432,0.16589832,0.15016039,0.06719594
0.1921167,0.2628984,0.1647514,0.14294395,0.075345755
0.19406657,0.25626972,0.17033288,0.13870579,0.08251319
0.19709921,0.25052384,0.17347899,0.1370396,0.08083318
0.20002095,0.24985144,0.1745039,0.13103074,0.07956991
0.20316249,0.25151187,0.17311099,0.12722495,0.08121306
0.20609215,0.24753055,0.17542271,0.12568215,0.07809553
0.20764485,0.23120077,0.18141282,0.13290314,0.07497734
0.20318897,0.22226624,0.18032634,0.13329722,0.069013044
0.19312528,0.23497789,0.174872,0.13137095,0.072628416
0.17847942,0.24485438,0.1612476,0.1269167,0.074812375
0.17122194,0.23721479,0.15101701,0.13405813,0.07487068
0.16199142,0.21660173,0.14108914,0.13402976,0.06746542
0.15617463,0.20903644,0.13486698,0.13320668,0.06789513
0.15186313,0.21169624,0.13425156,0.124245584,0.07154837
0.15518394,0.22252591,0.13414307,0.12612039,0.07471734
0.15855831,0.22334859,0.13721709,0.12706223,0.07043043
0.15894726,0.22343214,0.1410744,0.1298667,0.06941525
0.15232588,0.23009577,0.13871399,0.12561171,0.0723786
0.15101516,0.23636895,0.13580969,0.12014487,0.07833333
0.14796592,0.23770128,0.13402486,0.11620849,0.08200866
0.14854805,0.22856267,0.13435046,0.11100719,0.08292935
0.1578592,0.22098476,0.13499546,0.10869147,0.08421497
0.166735,0.21532708,0.13006613,0.104049616,0.079676166
0.17034647,0.20699775,0.119247586,0.111159086,0.073610455
0.16408262,0.19873674,0.10634786,0.111600116,0.06395484
0.16071567,0.20041688,0.10381347,0.11735383,0.06236929
0.15711586,0.19645861,0.10187803,0.1142613,0.05908446
0.15281075,0.19091737,0.10153953,0.12064877,0.05991166
0.13925315,0.17537901,0.10748738,0.116915405,0.06046335
0.12934893,0.16228335,0.11651141,0.11370897,0.06813234
0.12420576,0.15922177,0.1252578,0.10636419,0.07334122
0.12325157,0.15881209,0.1289585,0.114085875,0.0762439
0.122847624,0.1563876,0.12551455,0.11832763,0.07332531
0.1242,0.16173401,0.12760393,0.114554204,0.07131329
0.12617198,0.1735311,0.1356858,0.10637515,0.073234335
0.12725642,0.17617248,0.14175108,0.100639455,0.07479068
0.12653157,0.17240608,0.145927,0.10325737,0.07541029
0.124400124,0.16830169,0.14752842,0.10298781,0.07411098
0.12514043,0.16746485,0.14055026,0.103850424,0.07533876
0.124419734,0.16467398,0.12676887,0.09807593,0.07162537
0.13247643,0.1616859,0.11456858,0.104265414,0.06822242
0.13570763,0.1568425,0.10660404,0.10131334,0.06363143
0.13553369,0.15759802,0.10477795,0.10006777,0.06570625
0.1280647,0.15376131,0.10208483,0.093832396,0.062000174
0.11867486,0.14384192,0.09890361,0.101078466,0.05886349
0.10972239,0.12944673,0.10107545,0.10428194,0.055817194
0.11165536,0.12959182,0.110489495,0.10521613,0.061337005
0.11164351,0.12605803,0.120110184,0.09963519,0.06742546
0.11075735,0.1264148,0.12294474,0.09918281,0.07053884
0.113510974,0.12787345,0.11597046,0.1000481,0.06735991
0.11759297,0.13443252,0.108523116,0.09754308,0.06510797
0.12034701,0.13381009,0.11301704,0.095107935,0.067638636
0.1161851,0.1229833,0.12137643,0.09135149,0.0674282
0.11110286,0.120470114,0.12752849,0.09738931,0.06674915
0.11011966,0.12345735,0.12789501,0.095373325,0.06596544
0.115421556,0.1292824,0.12908423,0.09538098,0.06938113
0.117341265,0.12884314,0.123888716,0.092339434,0.06918308
0.11547969,0.13107528,0.11333882,0.1019586,0.066727616
0.10822732,0.13256384,0.10752944,0.10211266,0.058475234
0.10597935,0.13845049,0.10701798,0.102891035,0.058085497
0.098613776,0.13138911,0.10392232,0.09663619,0.056880612
0.09736969,0.12120801,0.09875697,0.10439257,0.0559439
0.09686986,0.11198562,0.09135996,0.10592002,0.049974054
0.09681708,0.11222652,0.086844794,0.10581239,0.05172383
0.09621989,0.1119851,0.089870155,0.0984781,0.05967981
0.095635734,0.11027495,0.09386353,0.09621324,0.06479815
0.0963771,0.10836616,0.09502827,0.099033296,0.062273912
0.09701427,0.108019054,0.09205768,0.09718472,0.058273394
0.09617518,0.11171868,0.09122309,0.09534641,0.059654124
0.08811794,0.11451658,0.091384366,0.09200137,0.06057604
0.08701437,0.11601407,0.089534566,0.09534725,0.060537055
0.086762,0.112813905,0.08483112,0.09055725,0.053996652
0.091869794,0.11552646,0.08628795,0.09138113,0.055292174
0.08884111,0.109118305,0.08821539,0.08646506,0.053717047
0.08556292,0.11366709,0.086135566,0.0944285,0.05464153
0.08621353,0.111836396,0.07990269,0.09255171,0.04959437
0.09576918,0.1092179,0.075325094,0.09403,0.04847232
0.0984103,0.09932367,0.071182005,0.08848156,0.046446335
0.09803412,0.096305996,0.06873058,0.09397076,0.049245268
0.09417953,0.09484366,0.06575998,0.09321035,0.047544807
0.09329818,0.09832775,0.06589046,0.08974541,0.047082417
0.09481424,0.0956617,0.06731698,0.083692,0.049012825
0.0923031,0.09382816,0.0668353,0.0829439,0.05044487
0.08700186,0.09416364,0.06612717,0.09025069,0.04973089
0.08204694,0.09611292,0.06367722,0.092125826,0.04704531
0.08384648,0.1019992,0.064147405,0.09084953,0.048935838
0.083031684,0.10284233,0.067227796,0.08219224,0.049776565
0.08487675,0.10371753,0.06782478,0.08701351,0.05151689
0.08233403,0.1019591,0.06604217,0.08311154,0.046152364
0.085282154,0.10469239,0.06704471,0.08612812,0.047708705
0.08177359,0.1033164,0.06481232,0.08000924,0.04659735
0.081897534,0.106795095,0.06161604,0.0867715,0.047620602
0.080747806,0.099081814,0.0569832,0.08497056,0.042179346
0.08544226,0.09281425,0.056905128,0.085774764,0.04203896
0.08524588,0.08981627,0.058384996,0.08022832,0.041012518
0.08295638,0.09063609,0.056492765,0.083153635,0.0444234
0.07749004,0.08740279,0.050469406,0.08580609,0.043299172
0.07618067,0.08618422,0.050144672,0.08568002,0.04237162
0.07893128,0.08462173,0.05488113,0.08230969,0.043368418
0.07844214,0.08538371,0.057319243,0.078454316,0.045680586
0.07648319,0.091339305,0.05588936,0.08370148,0.047294997
0.07570527,0.092240825,0.053797614,0.08033763,0.046409618
0.08069481,0.091754384,0.05591,0.08082731,0.047368586
0.07967459,0.0866017,0.05719663,0.07704522,0.04253367
0.079964794,0.091236435,0.055945523,0.08493217,0.043214492
0.076461636,0.08998914,0.052569933,0.08145742,0.041558784
0.080872655,0.09094763,0.05399136,0.08321245,0.04478911
0.08020152,0.08604399,0.05582496,0.07713645,0.041164525
0.08125052,0.08455368,0.055568967,0.083907895,0.041761097
0.07748395,0.07962562,0.049908802,0.08121782,0.038241655
0.08097847,0.08237082,0.047482748,0.08010547,0.040522862
0.08162442,0.08115504,0.048931498,0.074377574,0.042144626
0.07868432,0.08069438,0.050937288,0.07932797,0.04420553
0.07436874,0.077416375,0.050478477,0.08323659,0.04217795
0.07283388,0.07919231,0.048597734,0.08155809,0.040680043
0.0768271,0.081628144,0.04924957,0.07736501,0.04250002
0.07364771,0.08153156,0.048468657,0.07441584,0.04404397
0.07012079,0.083830334,0.04654987,0.082610235,0.04473429
0.06751796,0.08001732,0.04437825,0.081574716,0.042252116
0.07379682,0.07957622,0.048498772,0.082137346,0.04477299
0.07396601,0.075262465,0.050250314,0.073728606,0.045285713
0.07397163,0.07768195,0.050249036,0.07999034,0.050176132
0.06827575,0.07420868,0.0468341,0.07757788,0.04818696
0.07283739,0.07524513,0.049539026,0.08074814,0.051300187
0.07190943,0.07085032,0.051256232,0.073786736,0.050439205
0.074513994,0.072134666,0.05163831,0.078013286,0.05218404
0.07098725,0.07023266,0.047105048,0.076895274,0.0492599
0.0712401,0.072912805,0.04499898,0.078755826,0.04788741
0.07082255,0.07285929,0.046988096,0.074992314,0.044786952
0.06823758,0.07350786,0.04909564,0.076246105,0.043098383
0.06645439,0.07190626,0.048694383,0.079007015,0.04195502
0.06700216,0.06866674,0.047459703,0.076893024,0.04096765
0.07045332,0.068263315,0.048048887,0.07553796,0.041307177
0.068581514,0.06527585,0.045141608,0.07221743,0.04104508
0.06791755,0.06774779,0.043153036,0.07919757,0.04271422
0.06386027,0.06415822,0.039845034,0.076465756,0.04063076
0.070658386,0.06602083,0.042372372,0.07805011,0.042885654
0.06929244,0.061991256,0.042747516,0.07078307,0.039645128
0.06933835,0.06525106,0.043999728,0.078920685,0.04159232
0.062874444,0.060655855,0.042631757,0.07638613,0.037950087
0.068337485,0.061052993,0.046255488,0.078021035,0.03943943
0.07005252,0.058641285,0.04714524,0.07106005,0.03774619
0.07245009,0.06287958,0.04591621,0.07688401,0.040495064
0.0681965,0.061452355,0.04208438,0.077792905,0.03871123
0.06926883,0.062392298,0.041273117,0.07788724,0.03786382
0.0703792,0.061236683,0.042842608,0.073530436,0.037661325
0.0684058,0.061445564,0.043977406,0.07345022,0.039066274
0.06510832,0.062308982,0.04305898,0.078467935,0.040533826
0.061544623,0.059632584,0.04247112,0.076343395,0.03928327
0.06642259,0.060416143,0.044204306,0.07552837,0.040111877
0.065436564,0.0571818,0.042405203,0.070020154,0.037136946
0.06668815,0.061838195,0.041415412,0.07795113,0.03878657
0.061187778,0.058437217,0.038085595,0.075073145,0.036052037
0.06690005,0.05914817,0.041538224,0.07754248,0.039136358
0.06405193,0.05484101,0.04256714,0.069474824,0.03641693
0.06485964,0.059636645,0.043288402,0.076954715,0.03908997
0.059910093,0.05801787,0.041614283,0.075540796,0.035815153
0.06607047,0.060077474,0.045937125,0.07743595,0.037958883
0.06807306,0.056973998,0.047437005,0.07104912,0.03647337
0.06886179,0.058496088,0.0482132,0.07476539,0.037819643
0.06355195,0.05824584,0.04571417,0.07674781,0.036862828
0.06212279,0.059108224,0.044762082,0.076564826,0.036998644
0.064925954,0.05923882,0.046672683,0.07355965,0.03739976
0.06480459,0.057359513,0.046479225,0.071902595,0.036069565
0.06412798,0.05837927,0.043217856,0.0777153,0.036796372
0.059572015,0.055276472,0.038871597,0.07529872,0.035441134
0.063746214,0.058304567,0.040817637,0.07592526,0.038117737
0.062119894,0.054715056,0.03997571,0.06962274,0.03574308
0.06496198,0.057791393,0.040250547,0.07774656,0.037871424
0.059940808,0.05428346,0.036669772,0.07443901,0.035283107
0.065706626,0.05772786,0.039974198,0.07636841,0.03907637
0.063714705,0.05412702,0.042638566,0.068308264,0.036371525
0.065226056,0.05738877,0.044135626,0.07584302,0.038432978
0.060537815,0.05475186,0.040167443,0.07567857,0.035647064
0.06438829,0.05719171,0.04076367,0.07715084,0.037539434
0.0651935,0.055317935,0.04142073,0.071174994,0.036726627
0.06497843,0.056093305,0.042017322,0.07315938,0.037385724
0.062021635,0.054939397,0.03991652,0.07628282,0.03615326
0.060761843,0.054078523,0.03840496,0.07626636,0.035735983
0.063884415,0.055219457,0.039946396,0.07436599,0.037302308
0.061824754,0.054096743,0.039843746,0.071047135,0.03599851
0.061462097,0.056259815,0.03926209,0.07726252,0.037129194
0.058149677,0.052962285,0.0362341,0.07459084,0.03441476
0.06471798,0.056198336,0.037560668,0.07584582,0.037985086
0.06278562,0.052170463,0.03606587,0.06839249,0.035310663
0.06390315,0.056146495,0.036291927,0.07694234,0.037661716
0.05719044,0.05274391,0.033557102,0.07426433,0.033580955
0.06314612,0.05695656,0.036579303,0.07674165,0.037695747
0.062098764,0.05324965,0.03679973,0.069149666,0.035606295
0.06353014,0.05603736,0.038321715,0.07503397,0.03759657
0.059019286,0.053203993,0.0355746,0.07521243,0.034705907
0.06179235,0.055067126,0.035908364,0.07627895,0.03642188
0.06293336,0.054243922,0.036678586,0.071351685,0.03641016
0.06264435,0.05480545,0.036184832,0.072528996,0.03718702
0.060099524,0.05481126,0.03468274,0.07649344,0.036748365
0.058540408,0.053910963,0.03320278,0.07548777,0.03579057
0.06323257,0.05577173,0.034778155,0.07433031,0.037653126
0.062125098,0.05345705,0.034390993,0.070081,0.03584148
0.06263353,0.056404896,0.03472546,0.077248946,0.037234534
0.057316523,0.052082613,0.031655435,0.07431471,0.033556316
0.063448295,0.0557224,0.033427615,0.07607557,0.03770683
0.061317522,0.05150755,0.031761993,0.067855634,0.035101183
0.06302511,0.055826396,0.0335572,0.07626692,0.03785581
0.0568499,0.051886864,0.031081628,0.074349076,0.033697408
0.062255178,0.055201117,0.033336382,0.07671422,0.03718553
0.0619536,0.052484136,0.03244258,0.06940165,0.035581343
0.06364706,0.055295307,0.03278485,0.0741082,0.037494175
0.059112173,0.053400245,0.031866375,0.07530119,0.035271645
0.06070573,0.054285094,0.033388432,0.07619955,0.03620136
0.062965654,0.05358473,0.03384935,0.07235731,0.036679283
0.062105827,0.053596847,0.03256477,0.071773134,0.036325872
0.060577955,0.05484957,0.030968541,0.07648853,0.03634546
0.058071166,0.053079356,0.030116161,0.074987754,0.03473471
0.06306491,0.05532418,0.033214834,0.07475741,0.037545748
0.061328974,0.05221234,0.031720884,0.06914531,0.03556851
0.062256426,0.055679277,0.03214755,0.07689181,0.03757864
0.056423858,0.051314957,0.029150307,0.073932156,0.03340046
0.06297404,0.055249542,0.033223365,0.07624908,0.037630416
0.061087035,0.051243663,0.032298114,0.0679789,0.034898646
0.062759176,0.055914402,0.03294466,0.07572111,0.037689373
0.056663625,0.052310847,0.0290763,0.07430254,0.03409833
0.061311625,0.05510679,0.031255666,0.07662073,0.037183482
0.061559655,0.052253604,0.031502504,0.07010523,0.036064405
0.062720776,0.05468209,0.03270509,0.07363515,0.037133727
0.059137397,0.054186225,0.030869648,0.075702704,0.03540839
0.059789788,0.054610245,0.031059613,0.07590949,0.035753876
0.06274815,0.054498248,0.032296587,0.072859205,0.03687575
0.06173255,0.05280417,0.03178731,0.07075379,0.036191374
0.060720008,0.054690067,0.031539638,0.0765247,0.036768027
0.057146497,0.052133493,0.02919431,0.07458169,0.03429211
0.062907815,0.055082604,0.032269303,0.07520068,0.037510805
0.061004486,0.05129947,0.031069463,0.06836167,0.03508877
0.06230997,0.05551347,0.032057833,0.07650908,0.037583224
